"Rank","Country","Region","Location","AddressOrArea","Phenomenon","Category","EvidenceLevel","EvidenceLabel","VisitPriority","VisitLabel","RouteCluster","OfficialUrl","Latitude","Longitude","CoordinateConfidence","AccessNotes"
"1","USA","New Mexico","Chaco Culture National Historical Park","Chaco Canyon, Nageezi area","Sacred cultural landscape and archaeoastronomy","Sacred / anomalous landscape","5","Official/public records plus cultural significance","5","High; visit respectfully","Southwest sacred landscape","https://www.nps.gov/chcu/index.htm","36.0606","-107.961","Park coordinate","Dirt-road access; verify road conditions; tribal-land respect required"
"2","USA","New Mexico","International UFO Museum and Research Center","114 N. Main St., Roswell","1947 Roswell UAP crash narrative","UAP","3","Public records plus disputed lore","5","High","Southwest UAP route","https://www.roswellufomuseum.com/","33.3943","-104.523","Address-geocoded","Museum/archive stop; treat extraordinary claims as contested"
"3","Canada","Nova Scotia","Shag Harbour Interpretive Centre and UFO Gazebo","Shag Harbour, Nova Scotia","1967 UAP water-impact report","UAP","4","Official/public records and repeated accounts","5","High","Atlantic Canada route","https://shagharbourincident.wordpress.com/museum/","43.5028","-65.7277","Town/site approximate","Verify seasonal museum hours and coastal access"
"4","USA","Pennsylvania","Gettysburg National Military Park","1195 Baltimore Pike, Gettysburg","Battlefield haunting tradition","Haunted / battlefield folklore","5","Documented historic place plus folklore overlay","5","High","Mid-Atlantic / Appalachia","https://www.nps.gov/gett/index.htm","39.8309","-77.2311","Official park coordinate","Use NPS rules; separate battlefield history from ghost-tour claims"
"5","USA","Massachusetts","Salem witch-trials landscape","Salem, including Howard Street Cemetery and The Witch House","Witch-trial memory and haunting folklore","Haunted / folklore","5","Documented place plus repeated folklore","5","High","New England route","https://www.thewitchhouse.org/","42.5213","-70.8995","Address-geocoded","Respect memorial and cemetery settings; verify local hours"
"6","USA","West Virginia","Trans-Allegheny Lunatic Asylum","71 Asylum Dr., Weston","Historic asylum and ghost-tour tradition","Haunted","4","Documented place plus repeated accounts","5","High","Appalachia route","https://trans-alleghenylunaticasylum.com/","39.0365","-80.4675","Address-geocoded","Book tours; respect patient history; no drones"
"7","USA","West Virginia","Mothman Museum","400 Main St., Point Pleasant","1966 Mothman sightings and archive culture","Cryptid","3","Repeated accounts and local archive","5","High","Appalachia / Ohio River","https://www.mothmanmuseum.com/","38.8443","-82.1371","Address-geocoded","Use museum and public town stops; do not trespass in TNT areas"
"8","Mexico","Yucatan","Chichen Itza / Sacred Cenote","Yucatan, Mexico","Sacred Maya-Toltec center and anomaly traditions","Sacred / folklore","5","UNESCO documented place plus sacred tradition","5","High; cultural caution","Maya / Yucatan route","https://whc.unesco.org/en/list/483/","20.6829","-88.5686","UNESCO/site coordinate","Use official access; respect protected archaeological rules"
"9","Mexico","Mexico State","Teotihuacan","Archaeological zone northeast of Mexico City","Sacred monumental landscape and symbolic geometry","Sacred / anomalous landscape","5","UNESCO documented place plus sacred tradition","5","High; cultural caution","Central Mexico route","https://whc.unesco.org/en/list/414/","19.6925","-98.8438","UNESCO coordinate","Use official paths; protect archaeological features"
"10","USA","Illinois","Cahokia Mounds State Historic Site","30 Ramey St., Collinsville","Sacred/archaeological landscape","Sacred / archaeological","5","Documented public historic site","5","High","Mississippi Valley route","https://cahokiamounds.org/","38.6547","-90.0643","Address/site coordinate","Use official trails and preservation rules"
"11","USA","Ohio","Serpent Mound","3850 State Route 73, Peebles","Effigy mound and sacred landscape","Sacred / folklore","5","Official public heritage site","5","High; strict ethics","Ohio Valley route","https://www.ohiohistory.org/visit/browse-historical-sites/serpent-mound/","39.0256","-83.4307","Address-geocoded","No after-hours access; no drones; do not walk on mounds"
"12","USA","California","Winchester Mystery House","525 S. Winchester Blvd., San Jose","Haunted architecture and mystery-house lore","Haunted / architecture","4","Documented place plus repeated accounts","5","High","California route","https://winchestermysteryhouse.com/","37.3184","-121.9511","Address-geocoded","Use official tours and current ticketing"
"13","USA","Pennsylvania","Eastern State Penitentiary","2027 Fairmount Ave., Philadelphia","Prison haunting and historic-site programming","Haunted / prison history","5","National Historic Landmark plus staged folklore","5","High","Mid-Atlantic route","https://www.easternstate.org/","39.9683","-75.1727","Address-geocoded","Use official tours; do not imply photos prove haunting"
"14","USA","California","Alcatraz Island","San Francisco Bay","Prison hauntings and Indigenous occupation memory","Haunted / public history","5","NPS documented place; folklore secondary","5","High; ferry access","California route","https://www.nps.gov/alca/index.htm","37.8267","-122.423","Island coordinate","Use NPS/ferry access and preserve historic setting"
"15","USA","Texas","Marfa Lights Viewing Area","US-90 east of Marfa","Anomalous lights","Anomalous lights","3","Repeated accounts; contested explanations","4","Medium-high","Southwest desert route","https://visitmarfa.com/marfa-lights/","30.275","-103.856","Viewing-area approximate","Use public viewing area; night driving caution"
"16","USA","Tennessee","Bell Witch Cave","Adams, Tennessee","Poltergeist folklore","Haunted / folklore","2","Folklore/oral tradition","3","Medium","Appalachia route","https://www.bellwitchcave.com/","36.582","-87.066","Site approximate","Verify official seasonal access before travel"
"17","Mexico","Mexico City","Island of the Dolls","Xochimilco canals","Haunted folk-art island","Haunted / folk tradition","2","Folklore/oral tradition plus visitable site","3","Medium; local boat access","Central Mexico route","https://mexicocity.cdmx.gob.mx/venues/island-of-the-dolls/","19.29","-99.096","Chinampa-area approximate","Use licensed trajinera operators; respect lived landscape"
"18","USA","Maine","International Cryptozoology Museum","Bangor, Maine","Cryptid archive and museum culture","Cryptid / archive","3","Documented place and research archive","4","Medium-high","New England route","https://cryptozoologymuseum.com/","44.8016","-68.7712","City/site approximate","Verify current location and hours"
"19","Canada","British Columbia","Okanagan Lake / Kelowna waterfront","Kelowna, British Columbia","Ogopogo / Nxaxaitkw lake tradition","Cryptid / oral tradition","2","Folklore/oral tradition and repeated accounts","2","Research-only near sensitive tradition","Pacific Northwest / British Columbia","https://www.tourismkelowna.com/things-to-do/outdoor-recreation/okanagan-lake/","49.8879","-119.496","Waterfront approximate","Respect Syilx cultural context and avoid sensational framing"
"20","USA","North Carolina / Virginia","Blue Ridge Parkway / Brown Mountain lights corridor","Blue Ridge Parkway overlooks near western North Carolina","Ghost-light cluster","Anomalous lights / folklore","2","Documented public corridor; weak specific claim","3","Medium; weather dependent","Appalachia route","https://www.nps.gov/blri/index.htm","35.915","-81.75","Regional corridor approximate","Check Parkway closures, weather, and safe overlooks"
